timestamp_ms,speed_mm_per_s,smoothed_speed_mm_per_s
1630002056220,0.00,0.00
1630002056236,1499.77,749.88
1630002056253,1576.38,1499.77
1630002056270,1303.26,1401.51
1630002056286,1617.68,1499.77
1630002056303,1398.20,1448.98
1630002056320,1625.02,1499.77
1630002056336,1409.72,1454.74
1630002056353,1486.88,1486.88
1630002056370,1415.63,1451.25
1630002056386,1594.78,1493.32
1630002056403,1420.84,1453.86
1630002056420,1342.48,1418.23
1630002056436,1516.45,1453.86
1630002056453,1444.57,1432.70
1630002056470,1380.91,1432.70
1630002056486,1633.04,1432.70
1630002056503,1296.78,1432.70
1630002056520,1462.20,1432.70
1630002056536,1483.49,1453.38
1630002056553,1472.74,1453.38
1630002056570,1483.66,1467.47
1630002056587,1375.67,1467.47
1630002056603,1593.35,1467.47
1630002056620,1502.77,1478.11
1630002056637,1463.84,1478.11
1630002056653,1558.10,1478.11
1630002056670,1410.06,1478.11
1630002056687,1514.19,1483.58
1630002056703,1560.09,1493.22
1630002056720,1399.16,1493.22
1630002056736,1442.14,1483.31
1630002056753,1435.19,1483.31
1630002056770,1553.02,1483.31
1630002056787,1351.06,1452.99
1630002056803,1527.75,1478.16
1630002056820,1415.28,1438.66
1630002056837,1489.79,1465.97
1630002056853,1563.77,1465.97
1630002056870,1430.68,1438.66
1630002056887,1500.79,1465.97
1630002056903,1481.50,1485.65
1630002056920,1481.83,1485.81
1630002056937,1458.01,1481.66
1630002056953,1470.97,1481.66
1630002056970,1465.90,1476.24
1630002056987,1306.70,1476.24
1630002057003,1531.80,1476.24
1630002057020,1442.50,1468.43
1630002057037,1513.77,1476.24
1630002057053,1494.10,1476.24
1630002057070,1338.97,1468.43
1630002057086,1595.52,1468.43
1630002057103,1475.25,1473.11
1630002057120,1338.00,1470.57
1630002057136,1436.45,1458.88
1630002057153,1312.49,1458.88
1630002057170,1600.11,1458.88
1630002057186,1491.16,1483.20
1630002057203,1396.67,1455.85
1630002057220,1361.17,1416.56
1630002057236,1507.96,1455.85
1630002057253,1399.13,1417.79
1630002057270,1576.92,1417.79
1630002057287,1376.23,1417.79
1630002057303,1609.69,1445.14
1630002057320,1364.37,1445.14
1630002057336,1702.58,1445.14
1630002057353,1325.38,1397.90
1630002057370,1460.48,1429.80
1630002057387,1353.99,1429.80
1630002057403,1651.70,1429.80
1630002057420,1433.97,1447.22
1630002057436,1654.88,1447.22
1630002057453,1302.49,1447.22
1630002057470,1429.35,1431.66
1630002057486,1536.60,1447.22
1630002057503,1552.87,1447.22
1630002057520,1438.42,1449.45
1630002057537,1468.09,1453.25
1630002057553,1461.49,1464.79
1630002057570,1641.40,1464.79
1630002057586,1456.34,1464.79
1630002057603,1596.41,1464.79
1630002057620,1318.50,1464.79
1630002057636,1747.61,1502.34
1630002057653,1461.14,1464.79
1630002057670,1414.24,1461.31
1630002057686,1433.04,1461.31
1630002057703,1463.87,1461.31
1630002057720,1447.65,1458.74
1630002057737,1674.59,1458.74
1630002057753,1453.96,1457.55
1630002057770,1478.17,1457.55
1630002057787,1293.62,1457.55
1630002057803,1790.28,1457.55
1630002057820,1428.13,1450.81
1630002057837,1697.64,1458.91
1630002057853,1361.99,1458.91
1630002057870,1573.40,1466.06
1630002057886,1566.95,1522.56
1630002057903,1470.49,1474.33
1630002057920,1384.13,1474.33
1630002057936,1606.02,1518.72
1630002057953,1285.29,1518.72
1630002057970,1651.25,1518.72
1630002057987,1265.26,1518.72
1630002058003,1657.79,1518.72
1630002058020,1341.31,1518.72
1630002058037,1665.74,1518.72
1630002058053,1539.58,1505.03
1630002058070,1547.97,1543.77
1630002058087,1237.78,1543.77
1630002058103,1700.52,1543.77
1630002058120,1340.04,1543.77
1630002058137,1692.38,1543.77
1630002058153,1412.07,1543.77
1630002058170,1548.01,1543.77
1630002058187,1481.27,1543.77
1630002058203,1697.08,1543.77
1630002058220,1362.70,1514.62
1630002058237,1487.15,1484.21
1630002058253,1461.05,1484.21
1630002058270,1615.09,1484.21
1630002058291,1066.26,1484.21
1630002058303,2141.62,1484.21
1630002058320,1284.72,1484.21
1630002058341,1284.15,1471.16
1630002058353,1919.93,1474.10
1630002058370,1510.06,1474.10
1630002058387,1331.82,1474.10
1630002058403,1645.36,1485.56
1630002058420,1292.43,1420.94
1630002058437,1535.53,1420.94
1630002058453,1353.28,1431.67
1630002058470,1520.65,1431.67
1630002058487,1344.82,1431.67
1630002058503,1676.75,1515.35
1630002058520,1322.64,1431.67
1630002058537,1440.87,1397.07
1630002058553,1548.66,1480.76
1630002058570,1439.10,1439.99
1630002058586,1513.44,1477.15
1630002058603,1426.86,1439.99
1630002058620,1333.31,1439.99
1630002058637,1438.91,1439.01
1630002058653,1400.41,1439.01
1630002058670,1582.88,1439.01
1630002058687,1232.78,1439.01
1630002058703,1626.59,1439.01
1630002058720,1243.87,1432.89
1630002058737,1609.40,1432.89
1630002058753,1417.56,1422.21
1630002058770,1589.01,1428.23
1630002058787,1273.73,1428.23
1630002058803,1663.96,1500.22
1630002058820,1402.91,1500.22
1630002058836,1565.88,1491.72
1630002058853,1260.67,1491.72
1630002058870,1510.33,1463.94
1630002058887,1372.07,1463.94
1630002058903,1608.90,1463.94
1630002058920,1363.95,1456.62
1630002058937,1456.02,1429.46
1630002058953,1308.67,1429.46
1630002058970,1564.47,1429.46
1630002058987,1345.13,1414.04
1630002059003,1508.30,1414.04
1630002059020,1423.55,1439.78
1630002059037,1374.46,1399.01
1630002059053,1537.80,1439.78
1630002059070,1381.93,1402.74
1630002059087,1309.20,1402.74
1630002059103,1588.65,1402.74
1630002059120,1322.04,1402.74
1630002059137,1538.03,1402.74
1630002059153,1411.49,1417.52
1630002059170,1569.83,1417.52
1630002059187,1422.63,1417.06
1630002059203,1598.93,1480.22
1630002059220,1424.15,1423.39
1630002059237,1386.32,1423.39
1630002059253,1575.55,1481.09
1630002059270,1507.53,1465.84
1630002059287,1402.86,1465.84
1630002059303,1580.62,1465.84
1630002059320,1460.29,1483.91
1630002059337,1517.79,1483.91
1630002059353,1448.50,1483.91
1630002059370,1616.69,1483.91
1630002059387,1433.93,1483.91
1630002059403,1392.60,1483.91
1630002059420,1457.08,1458.68
1630002059437,1436.70,1452.79
1630002059453,1606.06,1458.68
1630002059470,1362.53,1452.79
1630002059486,1477.72,1452.79
1630002059503,1449.88,1449.19
1630002059520,1367.08,1443.29
1630002059537,1477.65,1443.29
1630002059553,1413.89,1443.29
1630002059570,1434.55,1443.29
1630002059587,1452.91,1443.29
1630002059603,1513.89,1451.40
1630002059620,1406.76,1442.22
1630002059637,1346.42,1442.22
1630002059653,1509.52,1442.22
1630002059670,1376.26,1424.22
1630002059687,1375.29,1424.22
1630002059703,1490.62,1424.22
1630002059720,1451.92,1443.24
1630002059737,1372.29,1429.34
1630002059753,1557.48,1429.34
1630002059770,1358.30,1391.51
1630002059787,1414.46,1395.36
1630002059803,1358.08,1395.36
1630002059820,1512.19,1395.36
1630002059837,1392.10,1403.28
1630002059853,1638.18,1433.19
1630002059870,1338.91,1403.28
1630002059887,1484.15,1403.28
1630002059903,1488.95,1449.30
1630002059920,1483.37,1448.91
1630002059937,1422.82,1453.10
1630002059953,1520.07,1483.76
1630002059970,1502.91,1486.55
1630002059986,1667.46,1486.55
1630002060003,1418.23,1486.55
1630002060020,1498.43,1486.55
1630002060037,1357.23,1486.55
1630002060053,1629.42,1493.69
1630002060070,1408.78,1490.90
1630002060087,1524.26,1500.67
1630002060103,1501.06,1501.98
1630002060120,1529.59,1501.98
1630002060137,1451.22,1499.74
1630002060153,1685.87,1499.74
1630002060170,1315.78,1499.74
1630002060187,1547.59,1512.66
1630002060203,1459.98,1512.66
1630002060220,1518.02,1509.54
1630002060237,1331.95,1509.54
1630002060253,1564.15,1509.54
1630002060270,1419.53,1489.00
1630002060287,1468.11,1464.05
1630002060303,1544.28,1493.07
1630002060320,1422.86,1464.05
1630002060337,1400.45,1464.05
1630002060353,1498.54,1464.05
1630002060370,1401.09,1445.49
1630002060387,1532.09,1445.49
1630002060403,1423.11,1445.61
1630002060420,1496.64,1445.61
1630002060437,1378.75,1445.61
1630002060453,1570.90,1459.88
1630002060470,1395.66,1422.99
1630002060487,1448.53,1435.82
1630002060503,1366.39,1435.82
1630002060520,1425.56,1424.33
1630002060537,1368.37,1424.33
1630002060553,1635.37,1424.33
1630002060570,1295.88,1410.61
1630002060587,1555.13,1410.61
1630002060603,1475.89,1437.04
1630002060620,1516.09,1437.04
1630002060637,1314.42,1437.04
1630002060653,1586.57,1450.72
1630002060670,1319.44,1450.72
1630002060687,1475.89,1475.89
1630002060703,1517.91,1495.99
1630002060720,1555.65,1495.99
1630002060737,1396.93,1495.99
1630002060753,1602.76,1495.99
1630002060770,1235.14,1495.99
1630002060787,1650.87,1496.90
1630002060803,1384.67,1496.90
1630002060820,1500.73,1488.31
1630002060837,1329.67,1488.31
1630002060853,1680.19,1509.32
1630002060870,1399.90,1450.32
1630002060887,1600.36,1450.32
1630002060903,1374.82,1450.32
1630002060920,1523.87,1450.32
1630002060937,1449.84,1475.29
1630002060953,1682.08,1475.29
1630002060970,1300.07,1475.29
1630002060987,1519.00,1484.42
1630002061003,1546.81,1521.43
1630002061020,1622.21,1521.43
1630002061037,1422.29,1521.43
1630002061053,1638.28,1521.43
1630002061070,1255.29,1521.43
1630002061087,1633.95,1532.90
1630002061103,1588.06,1567.43
1630002061120,1450.37,1532.90
1630002061137,1431.32,1532.90
1630002061153,1587.59,1567.20
1630002061170,1608.80,1587.82
1630002061187,1542.25,1564.92
1630002061203,1423.64,1564.92
1630002061224,1185.43,1496.31
1630002061237,1808.37,1564.92
1630002061255,1533.25,1537.75
1630002061270,1589.65,1537.75
1630002061287,1428.92,1537.75
1630002061303,1411.60,1537.75
1630002061320,1456.57,1494.91
1630002061337,1467.33,1461.95
1630002061353,1564.19,1461.95
1630002061370,1308.29,1461.95
1630002061387,1330.48,1461.95
1630002061403,1701.13,1461.95
1630002061420,1387.48,1442.75
1630002061437,1575.14,1442.75
1630002061453,1367.59,1434.09
1630002061470,1368.50,1422.02
1630002061487,1515.86,1427.40
1630002061503,1546.66,1451.67
1630002061520,1443.31,1415.39
1630002061537,1314.11,1415.39
1630002061553,1662.14,1479.59
1630002061570,1512.47,1477.89
1630002061587,1386.22,1477.89
1630002061604,1489.45,1466.38
1630002061620,1499.56,1494.50
1630002061637,1574.72,1506.01
1630002061654,1338.52,1494.50
1630002061670,1534.95,1494.50
1630002061687,1557.12,1506.01
1630002061703,1388.97,1506.01
1630002061720,1566.62,1506.01
1630002061737,1400.23,1494.50
1630002061753,1558.44,1517.26
1630002061770,1415.75,1517.26
1630002061787,1433.54,1484.25
1630002061803,1693.48,1484.25
1630002061820,1365.35,1484.25
1630002061837,1453.34,1443.44
1630002061853,1521.92,1443.44
1630002061870,1498.14,1475.74
1630002061887,1577.54,1475.74
1630002061903,1467.08,1482.61
1630002061920,1366.98,1460.21
1630002061937,1434.33,1460.21
1630002061954,1506.66,1482.61
1630002061970,1642.57,1482.61
1630002061987,1457.40,1482.61
1630002062003,1482.97,1490.56
1630002062020,1477.09,1480.03
1630002062037,1447.65,1472.09
1630002062053,1668.58,1472.09
1630002062070,1329.34,1467.24
1630002062087,1370.87,1467.24
1630002062104,1603.02,1480.03
1630002062120,1526.49,1480.03
1630002062137,1603.71,1480.03
1630002062153,1461.12,1480.03
1630002062170,1437.63,1469.10
1630002062187,1508.21,1484.66
1630002062204,1333.75,1484.66
1630002062220,1525.29,1484.66
1630002062237,1368.80,1484.66
1630002062254,1381.40,1484.66
1630002062270,1803.53,1484.66
1630002062287,1323.08,1449.37
1630002062304,1522.95,1449.37
1630002062320,1367.34,1409.52
1630002062337,1392.27,1386.83
1630002062353,1637.21,1386.83
1630002062370,1401.37,1396.82
1630002062387,1452.85,1396.82
1630002062403,1487.88,1427.11
1630002062420,1511.07,1470.37
1630002062437,1607.67,1470.37
1630002062453,1407.21,1470.37
1630002062470,1579.46,1470.37
1630002062487,1261.90,1470.37
1630002062503,1885.36,1499.48
1630002062520,1342.02,1470.37
1630002062537,1417.42,1470.37
1630002062553,1479.99,1483.94
1630002062570,1528.14,1495.53
1630002062587,1460.82,1470.41
1630002062603,1702.85,1470.41
1630002062620,1214.52,1470.41
1630002062637,1521.94,1470.41
1630002062653,1410.93,1470.41
1630002062670,1654.35,1470.41
1630002062687,1419.23,1470.41
1630002062703,1521.58,1500.78
1630002062720,1351.50,1491.20
1630002062737,1495.79,1478.31
1630002062753,1452.11,1473.95
1630002062770,1579.41,1473.95
1630002062787,1196.92,1473.95
1630002062803,1605.54,1473.95
1630002062820,1371.56,1473.95
1630002062837,1546.80,1473.95
1630002062853,1438.61,1473.95
1630002062870,1420.67,1445.36
1630002062887,1444.97,1448.54
1630002062903,1551.18,1448.54
1630002062920,1352.65,1441.79
1630002062937,1564.36,1441.79
1630002062953,1422.86,1441.79
1630002062970,1627.18,1441.79
1630002062987,1252.30,1441.79
1630002063004,1553.40,1441.79
1630002063020,1444.07,1444.52
1630002063037,1519.83,1482.40
1630002063053,1602.74,1535.51
1630002063070,1470.67,1495.25
1630002063087,1415.12,1495.25
1630002063103,1637.84,1495.25
1630002063120,1285.46,1495.25
1630002063137,1606.16,1495.25
1630002063154,1302.12,1495.25
1630002063170,1640.83,1495.25
1630002063187,1315.16,1495.25
1630002063203,1697.68,1536.71
1630002063220,1407.93,1442.90
1630002063237,1437.35,1426.24
1630002063253,1411.06,1424.20
1630002063270,1528.20,1424.20
1630002063287,1410.87,1424.20
1630002063303,1621.87,1424.20
1630002063320,1344.73,1424.20
1630002063337,1504.81,1424.20
1630002063353,1439.67,1438.51
1630002063370,1552.50,1438.51
1630002063387,1293.13,1438.51
1630002063403,1633.43,1472.24
1630002063420,1381.82,1472.24
1630002063437,1573.32,1472.24
1630002063453,1572.44,1528.66
1630002063470,1475.00,1489.91
1630002063487,1391.23,1489.91
1630002063503,1643.41,1513.75
1630002063520,1384.74,1513.75
1630002063537,1517.33,1496.16
1630002063554,1229.75,1496.16
1630002063570,1610.30,1496.16
1630002063587,1412.69,1496.16
1630002063603,1527.30,1496.16
1630002063620,1436.03,1455.51
1630002063637,1336.78,1424.36
1630002063653,1534.92,1476.68
1630002063670,1530.79,1476.68
1630002063687,1348.23,1476.68
1630002063704,1511.43,1473.73
1630002063720,1431.97,1473.73
1630002063737,1501.96,1468.99
1630002063753,1457.06,1479.51
1630002063770,1557.21,1479.51
1630002063787,1424.07,1479.51
1630002063804,1358.39,1479.51
1630002063820,1610.66,1479.51
1630002063837,1390.69,1444.51
1630002063853,1481.59,1469.32
1630002063870,1443.39,1450.22
1630002063887,1412.99,1450.22
1630002063903,1535.80,1450.22
1630002063920,1421.35,1433.73
1630002063937,1467.55,1433.73
1630002063954,1329.44,1432.37
1630002063970,1542.47,1455.47
1630002063987,1434.05,1438.72
1630002064004,1421.19,1438.72
1630002064020,1426.50,1430.28
1630002064037,1346.01,1423.93
1630002064054,1420.79,1423.93
1630002064070,1459.19,1423.93
1630002064087,1407.87,1423.84
1630002064104,1367.24,1420.99
1630002064120,1434.31,1423.84
1630002064137,1380.90,1420.99
1630002064154,1429.25,1420.99
1630002064170,1489.51,1423.64
1630002064187,1379.24,1414.33
1630002064203,1371.93,1414.33
1630002064220,1453.13,1418.56
1630002064237,1293.19,1394.39
1630002064254,1320.68,1380.07
1630002064270,1545.03,1405.07
1630002064287,1339.69,1380.07
1630002064304,1370.02,1375.59
1630002064320,1507.96,1375.59
1630002064337,1496.16,1375.59
1630002064354,1344.78,1370.98
1630002064370,1409.32,1389.67
1630002064387,1560.23,1389.67
1630002064404,1396.33,1402.83
1630002064420,1512.67,1452.74
1630002064437,1515.81,1452.74
1630002064454,1396.67,1452.74
1630002064470,1572.94,1502.06
1630002064487,1335.38,1452.74
1630002064504,1467.85,1438.58
1630002064520,1520.53,1490.26
1630002064537,1490.39,1501.53
1630002064554,1589.46,1501.53
1630002064570,1398.97,1501.53
1630002064587,1417.80,1479.12
1630002064604,1468.19,1468.02
1630002064620,1574.09,1479.29
1630002064637,1486.66,1477.42
1630002064654,1348.03,1477.42
1630002064670,1469.89,1478.27
1630002064687,1464.24,1469.04
1630002064704,1486.30,1469.04
1630002064720,1709.20,1469.04
1630002064737,1366.46,1469.04
1630002064754,1413.73,1469.04
1630002064770,1541.36,1478.09
1630002064787,1498.36,1478.09
1630002064804,1461.78,1467.06
1630002064820,1478.68,1474.29
1630002064837,1387.10,1471.46
1630002064854,1626.37,1482.49
1630002064870,1365.91,1470.23
1630002064887,1452.38,1457.08
1630002064904,1309.38,1457.08
1630002064920,1614.53,1470.23
1630002064937,1566.22,1470.23
1630002064953,1443.52,1457.08
1630002064970,1367.31,1447.95
1630002064987,1504.17,1447.95
1630002065003,1518.68,1478.28
1630002065020,1666.58,1478.28
1630002065037,1333.94,1478.28
1630002065054,1463.80,1483.99
1630002065070,1433.79,1483.99
1630002065087,1574.65,1483.99
1630002065103,1664.33,1483.99
1630002065120,1514.74,1509.46
1630002065137,1450.94,1509.46
1630002065154,1480.87,1497.81
1630002065170,1477.26,1479.06
1630002065187,1404.79,1470.53
1630002065204,1323.69,1470.53
1630002065220,1678.98,1479.06
1630002065237,1454.16,1479.06
1630002065254,1608.43,1479.06
1630002065270,1370.43,1465.71
1630002065287,1487.42,1465.71
1630002065304,1441.02,1465.71
1630002065320,1546.77,1465.71
1630002065337,1433.58,1447.59
1630002065354,1516.91,1470.79
1630002065370,1526.28,1502.17
1630002065387,1556.72,1502.17
1630002065403,1452.35,1502.17
1630002065420,1574.88,1502.17
1630002065437,1327.98,1502.17
1630002065454,1541.10,1521.59
1630002065470,1446.51,1521.59
1630002065487,1643.09,1521.59
1630002065504,1270.54,1521.59
1630002065520,1586.36,1533.69
1630002065537,1386.22,1496.73
1630002065554,1531.14,1491.75
1630002065570,1431.08,1488.83
1630002065587,1486.48,1466.49
1630002065604,1375.31,1466.49
1630002065620,1499.87,1466.49
1630002065637,1462.34,1474.41
1630002065654,1607.34,1474.41
1630002065670,1349.52,1474.41
1630002065687,1497.65,1474.41
1630002065703,1480.13,1483.31
1630002065720,1569.31,1483.31
1630002065737,1422.41,1483.31
1630002065754,1423.11,1471.24
1630002065770,1512.88,1488.89
1630002065787,1544.54,1488.89
1630002065804,1438.49,1488.89
1630002065820,1617.49,1488.89
1630002065837,1244.46,1488.89
1630002065854,1564.97,1496.51
1630002065870,1597.41,1528.71
1630002065887,1625.60,1528.71
1630002065904,1307.21,1528.71
1630002065920,1618.43,1554.76
1630002065937,1468.86,1554.76
1630002065953,1578.20,1571.58
1630002065970,1457.90,1571.58
1630002065987,1471.60,1518.29
1630002066004,1468.63,1518.29
1630002066020,1677.11,1524.90
1630002066037,1338.43,1470.23
1630002066054,1492.51,1470.23
1630002066070,1419.26,1470.23
1630002066087,1559.69,1470.23
1630002066104,1409.45,1470.12
1630002066120,1629.34,1470.12
1630002066137,1364.42,1470.12
1630002066154,1413.45,1443.95
1630002066170,1446.12,1432.69
1630002066187,1535.14,1432.69
1630002066204,1430.25,1438.18
1630002066220,1564.67,1438.18
1630002066237,1506.91,1476.51
1630002066254,1458.57,1452.34
1630002066270,1515.75,1482.74
1630002066287,1397.59,1452.34
1630002066304,1358.96,1452.34
1630002066320,1554.93,1482.74
1630002066337,1400.26,1482.74
1630002066354,1568.84,1482.74
1630002066370,1433.35,1482.74
1630002066387,1515.41,1482.74
1630002066404,1390.37,1445.96
1630002066420,1592.37,1474.38
1630002066437,1470.94,1452.15
1630002066474,761.04,1452.15
1630002066487,1905.50,1493.18
1630002066504,1475.09,1473.02
1630002066520,1529.27,1495.25
1630002066537,1361.25,1473.02
1630002066554,1415.25,1473.02
1630002066570,1530.16,1473.02
1630002066587,1331.51,1473.02
1630002066604,1422.81,1446.88
1630002066620,1509.41,1448.95
1630002066637,1396.88,1448.95
1630002066654,1486.49,1448.95
1630002066670,1619.24,1454.65
1630002066687,1346.66,1419.03
1630002066704,1451.22,1437.01
1630002066720,1431.35,1441.28
1630002066737,1549.45,1441.28
1630002066754,1408.36,1441.28
1630002066770,1566.46,1468.86
1630002066787,1398.31,1441.28
1630002066804,1509.51,1468.86
1630002066820,1500.03,1475.62
1630002066837,1425.43,1441.28
1630002066854,1363.25,1441.28
1630002066870,1589.55,1465.69
1630002066887,1489.00,1494.52
1630002066904,1460.08,1474.54
1630002066920,1497.42,1493.21
1630002066937,1554.92,1493.21
1630002066954,1352.30,1493.21
1630002066970,1625.46,1493.21
1630002066987,1406.03,1474.54
1630002067004,1357.78,1474.54
1630002067020,1492.23,1490.62
1630002067037,1435.00,1474.54
1630002067054,1530.41,1476.15
1630002067070,1455.99,1474.11
1630002067087,1480.27,1468.13
1630002067104,1377.03,1445.49
1630002067120,1496.76,1468.13
1630002067137,1461.22,1458.61
1630002067154,1346.68,1458.61
1630002067170,1567.79,1470.75
1630002067187,1439.92,1458.61
1630002067204,1473.42,1467.32
1630002067220,1532.10,1467.32
1630002067237,1491.47,1476.84
1630002067254,1447.65,1467.32
1630002067270,1575.70,1482.44
1630002067287,1402.63,1467.32
1630002067304,1457.30,1465.36
1630002067320,1459.87,1466.64
1630002067337,1494.47,1466.64
1630002067354,1435.18,1466.64
1630002067370,1584.09,1475.67
1630002067387,1383.88,1458.59
1630002067404,1441.79,1452.47
1630002067420,1403.27,1449.54
1630002067437,1559.54,1449.54
1630002067454,1290.36,1449.54
1630002067470,1600.45,1450.83
1630002067487,1385.80,1438.49
1630002067504,1461.06,1438.49
1630002067520,1461.42,1451.43
1630002067537,1483.82,1451.43
1630002067554,1399.01,1451.43
1630002067570,1508.13,1461.24
1630002067587,1428.10,1461.24
1630002067604,1642.13,1461.24
1630002067620,1374.59,1461.24
1630002067637,1514.05,1461.24
1630002067654,1335.15,1461.24
1630002067670,1748.93,1472.62
1630002067687,1408.60,1455.96
1630002067704,1538.45,1468.11
1630002067720,1421.84,1468.11
1630002067737,1553.74,1471.07
1630002067754,1422.27,1468.16
1630002067770,1674.64,1468.16
1630002067787,1339.63,1468.16
1630002067804,1547.77,1480.36
1630002067820,1435.25,1486.85
1630002067837,1540.31,1486.85
1630002067854,1423.25,1486.85
1630002067870,1607.95,1487.78
1630002067887,1398.78,1487.78
1630002067904,1530.03,1482.64
1630002067920,1481.00,1505.52
1630002067937,1478.22,1479.61
1630002067954,1343.82,1479.61
1630002067970,1654.84,1479.61
1630002067987,1320.30,1479.61
1630002068004,1511.01,1479.61
1630002068020,1412.83,1479.61
1630002068037,1468.68,1473.45
1630002068054,1421.88,1473.45
1630002068070,1645.43,1473.45
1630002068087,1327.20,1445.28
1630002068104,1498.27,1445.28
1630002068120,1470.29,1469.49
1630002068154,854.94,1445.28
1630002068170,1582.73,1469.49
1630002068187,1362.54,1445.28
1630002068204,1603.55,1469.49
1630002068220,1449.91,1460.10
1630002068237,1499.16,1484.28
1630002068254,1430.93,1460.10
1630002068270,1618.16,1484.28
1630002068287,1274.60,1460.10
1630002068304,1579.05,1474.54
1630002068320,1511.27,1505.21
1630002068337,1406.84,1474.54
1630002068354,1320.48,1474.54
1630002068371,1500.14,1474.54
1630002068387,1537.34,1499.65
1630002068404,1524.68,1505.70
1630002068420,1390.74,1505.70
1630002068437,1451.71,1475.93
1630002068454,1405.58,1475.93
1630002068470,1550.85,1475.93
1630002068487,1333.34,1429.28
1630002068504,1388.42,1428.65
1630002068520,1523.46,1475.93
1630002068537,1481.31,1466.51
1630002068554,1478.99,1465.35
1630002068570,1512.06,1465.35
1630002068587,1280.47,1465.35
1630002068604,1446.85,1462.92
1630002068620,1372.94,1462.92
1630002068637,1515.32,1462.92
1630002068654,1395.05,1462.92
1630002068670,1593.29,1480.15
1630002068687,1483.74,1480.15
1630002068704,1374.49,1462.92
1630002068720,1465.56,1456.21
1630002068737,1395.04,1420.95
1630002068754,1351.99,1420.95
1630002068770,1555.60,1430.30
1630002068787,1398.76,1432.16
1630002068804,1514.39,1432.16
1630002068820,1377.38,1432.16
1630002068837,1461.71,1430.24
1630002068854,1371.20,1396.90
1630002068870,1507.69,1430.24
1630002068887,1428.15,1413.46
1630002068904,1512.42,1444.93
1630002068920,1548.96,1484.70
1630002068937,1451.99,1456.85
1630002068954,1391.31,1456.85
1630002068970,1481.62,1456.85
1630002068987,1347.03,1456.85
1630002069004,1466.00,1459.00
1630002069020,1488.15,1473.81
1630002069037,1441.17,1459.00
1630002069054,1426.27,1459.00
1630002069070,1638.23,1459.00
1630002069087,1493.94,1459.00
1630002069104,1433.77,1453.59
1630002069120,1433.07,1453.59
1630002069137,1456.96,1449.07
1630002069154,1368.50,1449.07
1630002069170,1578.81,1449.07
1630002069187,1403.26,1437.47
1630002069204,1539.14,1445.37
1630002069221,1355.85,1445.37
1630002069237,1556.48,1445.37
1630002069254,1461.66,1445.37
1630002069271,1407.78,1445.02
1630002069287,1444.42,1450.69
1630002069304,1390.98,1426.10
1630002069321,1542.34,1453.04
1630002069337,1571.34,1453.04
1630002069354,1505.50,1483.58
1630002069370,1485.89,1473.78
1630002069387,1522.18,1495.70
1630002069404,1507.72,1495.70
1630002069420,1393.29,1495.70
1630002069437,1485.58,1495.70
1630002069454,1493.27,1499.39
1630002069471,1479.97,1499.39
1630002069487,1570.86,1499.39
1630002069504,1395.59,1489.58
1630002069521,1467.65,1485.74
1630002069537,1429.99,1482.77
1630002069554,1629.65,1482.77
1630002069570,1456.61,1473.81
1630002069587,1464.92,1473.81
1630002069604,1444.68,1466.28
1630002069620,1586.45,1466.28
1630002069637,1404.85,1460.76
1630002069654,1428.70,1450.65
1630002069671,1435.06,1450.65
1630002069687,1478.59,1450.65
1630002069704,1499.09,1460.76
1630002069720,1562.59,1460.76
1630002069737,1339.22,1454.80
1630002069754,1454.96,1449.82
1630002069770,1578.25,1466.77
1630002069787,1547.71,1466.77
1630002069804,1521.51,1488.84
1630002069821,1427.79,1488.84
1630002069837,1557.55,1510.30
1630002069854,1449.61,1510.30
1630002069870,1443.65,1488.24
1630002069887,1482.31,1468.63
1630002069904,1424.41,1468.63
1630002069920,1599.72,1501.91
1630002069937,1379.37,1465.96
1630002069954,1508.31,1465.96
1630002069970,1406.47,1446.63
1630002069987,1495.29,1465.96
1630002070004,1378.24,1446.63
1630002070020,1589.51,1462.98
1630002070037,1372.34,1453.36
1630002070054,1437.24,1430.82
1630002070070,1485.43,1461.33
1630002070087,1420.91,1429.07
1630002070104,1368.07,1429.07
1630002070120,1601.11,1429.07
1630002070137,1345.23,1429.07
1630002070154,1454.60,1429.07
1630002070171,1292.32,1429.07
1630002070187,1632.04,1429.07
1630002070204,1303.33,1429.07
1630002070221,1519.30,1437.76
1630002070237,1406.57,1413.74
1630002070254,1519.86,1430.59
1630002070271,1412.52,1433.56
1630002070287,1557.63,1433.56
1630002070304,1373.19,1433.56
1630002070320,1581.71,1465.91
1630002070337,1452.26,1485.78
1630002070354,1556.78,1485.78
1630002070371,1271.31,1485.78
1630002070387,1617.12,1486.06
1630002070404,1336.06,1486.06
1630002070421,1568.55,1504.52
1630002070437,1420.14,1504.52
1630002070454,1430.77,1441.52
1630002070471,1385.37,1441.52
1630002070487,1640.41,1441.52
1630002070504,1380.80,1425.46
1630002070520,1551.97,1425.46
1630002070537,1368.58,1425.46
1630002070554,1503.41,1425.46
1630002070571,1421.78,1426.27
1630002070587,1719.14,1426.27
1630002070604,1400.22,1426.27
1630002070621,1446.19,1433.99
1630002070637,1518.64,1474.80
1630002070654,1560.17,1474.80
1630002070670,1503.43,1503.42
1630002070687,1442.40,1474.80
1630002070704,1413.60,1474.80
1630002070721,1632.90,1474.81
1630002070737,1431.98,1474.81
1630002070754,1510.57,1474.81
1630002070771,1348.21,1474.81
1630002070787,1646.98,1507.00
1630002070804,1510.89,1507.00
1630002070821,1456.18,1479.81
1630002070837,1457.90,1457.04
1630002070854,1547.17,1484.23
1630002070870,1461.87,1486.22
1630002070887,1598.20,1486.22
1630002070904,1455.11,1486.22
1630002070921,1455.72,1459.89
1630002070937,1406.29,1459.89
1630002070954,1515.73,1459.89
1630002070971,1448.85,1457.04
1630002070987,1470.54,1459.89
1630002071004,1398.59,1458.80
1630002071020,1571.28,1458.80
1630002071037,1397.95,1455.42
1630002071054,1472.67,1455.42
1630002071071,1383.33,1452.29
1630002071087,1615.09,1459.70
1630002071104,1399.07,1459.70
1630002071120,1614.76,1459.70
1630002071137,1481.27,1471.60
1630002071154,1444.57,1458.62
1630002071170,1432.44,1458.62
1630002071187,1472.32,1458.44
1630002071204,1396.09,1458.44
1630002071221,1488.94,1458.44
1630002071237,1509.60,1476.80
1630002071254,1480.14,1476.23
1630002071271,1395.22,1476.23
1630002071287,1571.17,1476.23
1630002071304,1389.28,1458.44
1630002071320,1457.85,1465.08
1630002071337,1408.31,1465.08
1630002071354,1456.64,1457.25
1630002071371,1479.22,1468.53
1630002071387,1441.34,1457.25
1630002071404,1368.10,1448.99
1630002071421,1405.84,1424.82
1630002071437,1637.09,1448.99
1630002071454,1349.65,1424.82
1630002071471,1386.87,1424.82
1630002071487,1592.97,1424.82
1630002071504,1396.25,1423.59
1630002071521,1371.88,1401.05
1630002071537,1612.76,1401.05
1630002071554,1394.79,1395.52
1630002071570,1475.97,1401.05
1630002071587,1491.03,1436.11
1630002071604,1468.27,1432.26
1630002071621,1423.96,1446.11
1630002071637,1417.28,1446.11
1630002071654,1451.94,1437.95
1630002071671,1474.03,1460.10
1630002071687,1424.03,1460.10
1630002071741,596.72,1437.98
1630002071775,862.10,1437.98
1630002071788,1763.76,1437.98
1630002071804,1489.26,1437.98
1630002071821,1422.21,1424.00
1630002071837,1532.68,1437.98
1630002071854,1451.61,1451.77
1630002071871,1288.68,1437.82
1630002071887,1404.12,1423.12
1630002071904,1563.66,1436.91
1630002071921,1353.01,1436.91
1630002071937,1608.96,1470.43
1630002071954,1215.67,1436.91
1630002071971,1513.37,1436.91
1630002071987,1459.09,1455.35
1630002072004,1389.48,1427.86
1630002072021,1382.87,1396.80
1630002072037,1490.73,1431.60
1630002072054,1475.16,1467.12
1630002072070,1560.75,1467.12
1630002072087,1372.12,1467.12
1630002072104,1425.36,1442.23
1630002072121,1268.56,1442.23
1630002072137,1636.85,1442.23
1630002072154,1380.47,1407.42
1630002072171,1427.42,1426.39
1630002072187,1486.15,1451.29
1630002072204,1546.06,1451.29
1630002072221,1284.50,1426.39
1630002072237,1645.48,1426.39
1630002072254,1366.00,1426.39
1630002072271,1478.37,1452.89
1630002072287,1307.57,1452.89
1630002072304,1512.58,1452.89
1630002072321,1290.23,1452.89
1630002072337,1519.72,1482.26
1630002072354,1410.82,1444.59
1630002072370,1567.09,1444.59
1630002072387,1300.33,1444.59
1630002072404,1568.01,1444.59
1630002072421,1313.14,1444.59
1630002072437,1559.83,1461.70
1630002072454,1397.76,1461.70
1630002072471,1612.74,1465.27
1630002072487,1424.79,1472.25
1630002072504,1462.70,1443.75
1630002072521,1329.20,1443.75
1630002072537,1718.57,1443.75
1630002072554,1365.22,1443.75
1630002072571,1472.39,1443.75
1630002072587,1407.28,1443.75
1630002072604,1612.37,1443.75
1630002072621,1355.23,1443.75
1630002072637,1675.02,1443.75
1630002072654,1382.17,1434.99
1630002072671,1554.77,1439.84
1630002072687,1493.79,1483.09
1630002072704,1383.83,1439.84
1630002072721,1402.04,1439.84
1630002072737,1583.58,1450.54
1630002072754,1379.75,1447.91
1630002072771,1545.02,1447.91
1630002072787,1568.75,1519.40
1630002072804,1445.54,1469.67
1630002072821,1373.38,1469.67
1630002072837,1522.49,1469.67
1630002072854,1499.21,1472.38
1630002072871,1498.63,1498.92
1630002072887,1330.46,1498.92
1630002072904,1465.43,1482.03
1630002072921,1440.29,1482.03
1630002072937,1747.20,1482.03
1630002072954,1347.88,1455.49
1630002072971,1535.70,1482.03
1630002072987,1310.25,1482.03
1630002073004,1655.50,1482.03
1630002073021,1320.26,1452.86
1630002073037,1677.51,1452.86
1630002073054,1258.77,1452.86
1630002073071,1495.76,1468.02
1630002073087,1617.90,1515.73
1630002073104,1508.90,1502.33
1630002073121,1402.05,1502.33
1630002073137,1422.13,1458.95
1630002073154,1492.14,1493.95
1630002073171,1518.31,1493.95
1630002073187,1538.96,1502.33
1630002073204,1460.66,1493.95
1630002073221,1374.08,1493.95
1630002073237,1727.80,1500.52
1630002073254,1411.10,1476.40
1630002073271,1603.50,1476.40
1630002073287,1278.43,1476.40
1630002073304,1533.18,1505.23
1630002073321,1455.65,1489.49
1630002073337,1635.31,1496.92
1630002073354,1342.45,1458.15
1630002073370,1533.34,1494.41
1630002073387,1458.58,1495.88
1630002073404,1564.12,1495.88
1630002073421,1397.29,1495.88
1630002073437,1467.58,1463.08
1630002073454,1335.28,1463.08
1630002073471,1611.54,1463.08
1630002073487,1629.16,1500.46
1630002073504,1438.76,1463.08
1630002073521,1307.04,1463.08
1630002073537,1559.64,1463.08
1630002073554,1531.58,1499.58
1630002073571,1368.96,1453.17
1630002073587,1583.47,1499.58
1630002073604,1505.47,1518.52
1630002073621,1338.87,1518.52
1630002073637,1720.27,1518.52
1630002073654,1351.21,1472.11
1630002073671,1553.56,1518.52
1630002073687,1427.22,1518.52
1630002073704,1492.50,1498.98
1630002073721,1474.11,1483.31
1630002073737,1474.49,1483.50
1630002073754,1484.49,1479.49
1630002073771,1478.76,1476.63
1630002073787,1640.33,1481.62
1630002073804,1597.95,1481.62
1630002073821,1245.22,1481.62
1630002073837,1566.51,1481.62
1630002073854,1347.42,1481.62
1630002073871,1504.54,1481.62
1630002073887,1596.54,1494.51
1630002073904,1425.19,1494.51
1630002073921,1400.99,1491.65
1630002073937,1501.40,1502.97
1630002073954,1451.29,1476.34
1630002073971,1606.97,1476.34
1630002073987,1459.51,1480.45
1630002074004,1373.65,1455.40
1630002074021,1385.37,1455.40
1630002074037,1686.09,1455.40
1630002074054,1527.88,1455.40
1630002074071,1500.22,1479.86
1630002074088,1357.08,1479.86
1630002074104,1550.54,1479.86
1630002074121,1412.40,1479.86
1630002074138,1469.72,1464.61
1630002074154,1485.38,1477.55
1630002074171,1408.53,1477.55
1630002074187,1688.34,1492.80
1630002074204,1423.68,1477.55
1630002074221,1403.73,1446.70
1630002074238,1399.59,1418.04
1630002074254,1595.99,1446.70
1630002074271,1432.30,1427.99
1630002074288,1390.32,1427.99
1630002074304,1389.22,1416.11
1630002074321,1531.86,1416.11
1630002074338,1478.96,1427.99
1630002074354,1603.48,1427.99
1630002074371,1407.77,1420.03
1630002074388,1269.94,1420.03
1630002074404,1595.92,1455.63
1630002074421,1425.66,1428.98
1630002074437,1546.73,1452.31
1630002074454,1334.69,1452.31
1630002074471,1421.85,1452.31
1630002074487,1651.12,1452.31
1630002074504,1446.60,1436.13
1630002074521,1439.46,1432.56
1630002074537,1369.02,1432.56
1630002074554,1479.04,1443.03
1630002074571,1454.32,1443.03
1630002074587,1590.81,1450.46
1630002074604,1338.72,1443.03
1630002074621,1362.74,1443.03
1630002074638,1526.18,1450.46
1630002074654,1598.06,1450.46
1630002074671,1412.62,1446.89
1630002074688,1527.86,1466.68
1630002074704,1483.28,1481.16
1630002074721,1554.38,1504.73
1630002074737,1454.62,1504.73
1630002074754,1476.61,1479.94
1630002074771,1462.30,1479.94
1630002074788,1448.29,1479.94
1630002074804,1497.64,1479.94
1630002074821,1491.64,1479.94
1630002074837,1548.12,1487.46
1630002074854,1430.26,1479.94
1630002074871,1258.74,1469.45
1630002074887,1666.01,1469.45
1630002074904,1233.27,1469.45
1630002074921,1507.15,1476.97
1630002074937,1398.94,1469.96
1630002074954,1454.23,1472.93
1630002074971,1475.89,1465.06
1630002074987,1498.85,1465.06
1630002075004,1295.89,1442.24
1630002075021,1478.52,1465.06
1630002075037,1256.27,1465.06
1630002075054,1527.61,1465.06
1630002075071,1328.47,1465.06
1630002075087,1593.94,1465.06
1630002075104,1337.81,1465.06
1630002075121,1550.75,1477.20
1630002075137,1492.99,1485.75
1630002075154,1416.75,1447.63
1630002075171,1393.91,1447.63
1630002075187,1583.29,1454.87
1630002075204,1349.74,1454.87
1630002075221,1613.05,1454.87
1630002075237,1427.83,1460.41
1630002075254,1494.90,1460.41
1630002075271,1369.06,1460.41
1630002075287,1711.39,1460.41
1630002075304,1276.73,1422.29
1630002075321,1387.03,1410.87
1630002075337,1583.78,1461.36
1630002075354,1467.08,1447.45
1630002075371,1358.60,1447.45
1630002075387,1562.28,1447.45
1630002075404,1386.13,1427.05
1630002075421,1537.47,1427.05
1630002075438,1396.96,1432.02
1630002075454,1632.97,1432.02
1630002075471,1357.11,1432.02
1630002075488,1550.41,1502.27
1630002075504,1353.11,1432.02
1630002075521,1579.68,1467.22
1630002075537,1392.36,1467.22
1630002075554,1554.99,1467.22
1630002075571,1398.86,1468.16
1630002075587,1660.03,1474.64
1630002075604,1421.57,1485.99
1630002075621,1465.20,1443.38
1630002075638,1374.45,1443.38
1630002075654,1690.20,1443.38
1630002075671,1446.37,1455.79
1630002075687,1559.39,1455.79
1630002075704,1378.31,1455.79
1630002075721,1569.19,1455.79
1630002075737,1403.88,1455.79
1630002075754,1526.67,1455.79
1630002075771,1398.24,1455.79
1630002075788,1507.84,1477.11
1630002075804,1580.34,1517.26
1630002075821,1546.12,1517.26
1630002075837,1515.24,1520.96
1630002075854,1380.70,1511.54
1630002075871,1307.21,1511.54
1630002075888,1556.51,1511.54
1630002075904,1516.27,1515.76
1630002075921,1529.40,1515.76
1630002075937,1523.23,1519.75
1630002075954,1445.58,1519.75
1630002075971,1419.80,1515.76
1630002075987,1487.76,1501.50
1630002076004,1418.58,1466.67
1630002076021,1415.84,1466.67
1630002076037,1563.38,1502.02
1630002076054,1427.04,1466.67
1630002076071,1466.72,1456.15
1630002076087,1475.62,1456.15
1630002076104,1375.50,1436.31
1630002076121,1464.19,1445.61
1630002076138,1472.25,1465.46
1630002076154,1595.05,1465.46
1630002076171,1372.32,1465.46
1630002076187,1585.07,1469.49
1630002076204,1410.98,1465.46
1630002076221,1426.12,1465.46
1630002076237,1558.52,1468.22
1630002076254,1275.79,1445.16
1630002076271,1444.36,1454.28
1630002076288,1242.69,1435.24
1630002076304,1703.66,1435.24
1630002076321,1475.28,1435.24
1630002076338,1303.74,1435.24
1630002076354,1502.77,1435.24
1630002076371,1438.09,1441.23
1630002076387,1457.67,1451.02
1630002076404,1468.53,1451.02
1630002076421,1382.56,1451.02
1630002076438,1367.40,1447.88
1630002076454,1452.09,1454.88
1630002076471,1656.93,1454.88
1630002076488,1382.61,1445.09
1630002076504,1478.24,1454.88
1630002076521,1392.97,1445.09
1630002076537,1587.73,1454.88
1630002076554,1562.90,1460.31
1630002076571,1358.70,1422.53
1630002076588,1413.19,1432.64
1630002076604,1567.85,1465.16
1630002076621,1513.42,1495.83
1630002076638,1628.49,1495.83
1630002076654,1478.68,1496.05
1630002076671,1472.15,1496.05
1630002076688,1464.05,1496.05
1630002076704,1621.73,1496.05
1630002076721,1458.58,1475.41
1630002076738,1448.98,1475.41
1630002076754,1435.61,1475.41
1630002076771,1651.48,1475.41
1630002076788,1402.86,1468.10
1630002076804,1542.04,1468.10
1630002076821,1347.43,1461.32
1630002076838,1549.99,1461.32
1630002076854,1616.86,1500.31
1630002076871,1494.77,1476.68
1630002076888,1398.18,1471.88
1630002076904,1513.12,1503.95
1630002076921,1452.39,1503.95
1630002076938,1638.93,1503.95
1630002076954,1403.32,1503.95
1630002076974,1309.24,1473.58
1630002076988,1611.03,1503.95
1630002077007,1433.86,1473.58
1630002077021,1767.85,1473.58
1630002077038,1453.63,1453.01
1630002077054,1484.83,1469.23
1630002077071,1485.79,1469.23
1630002077087,1643.79,1485.31
1630002077104,1604.27,1485.31
1630002077121,1327.40,1485.31
1630002077138,1502.87,1494.33
1630002077154,1428.93,1485.31
1630002077171,1615.91,1494.33
1630002077188,1433.11,1485.31
1630002077204,1502.24,1494.01
1630002077221,1351.42,1494.01
1630002077238,1563.21,1502.55
1630002077254,1507.55,1502.55
1630002077271,1669.11,1502.55
1630002077288,1338.85,1502.55
1630002077304,1444.05,1473.15
1630002077321,1469.28,1485.76
1630002077337,1577.08,1485.76
1630002077354,1502.60,1502.42
1630002077371,1402.83,1485.94
1630002077387,1459.32,1485.94
1630002077404,1538.32,1485.94
1630002077421,1295.64,1464.30
1630002077438,1523.49,1464.30
1630002077454,1279.30,1464.30
1630002077471,1607.43,1485.94
1630002077487,1467.69,1485.14
1630002077504,1488.03,1477.86
1630002077521,1360.28,1463.50
1630002077537,1491.98,1477.86
1630002077554,1478.43,1483.23
1630002077571,1601.49,1483.23
1630002077587,1488.46,1488.24
1630002077604,1468.84,1483.23
1630002077621,1351.24,1483.23
1630002077638,1608.94,1483.23
1630002077654,1453.56,1483.23
1630002077671,1581.20,1483.45
1630002077687,1311.74,1483.45
1630002077704,1482.38,1480.40
1630002077721,1468.33,1475.61
1630002077738,1400.02,1468.58
1630002077754,1418.73,1460.95
1630002077771,1410.50,1436.15
1630002077788,1332.87,1436.15
1630002077804,1738.01,1436.15
1630002077821,1363.65,1414.62
1630002077838,1414.04,1412.27
1630002077854,1289.96,1412.27
1630002077871,1626.01,1412.27
1630002077888,1345.00,1405.26
1630002077904,1702.65,1412.27
1630002077921,1291.04,1387.08
1630002077938,1443.95,1388.85
1630002077954,1425.33,1419.68
1630002077971,1545.53,1419.68
1630002077988,1295.37,1419.68
1630002078004,1542.50,1434.64
1630002078021,1435.41,1439.68
1630002078037,1696.03,1439.68
1630002078054,1419.04,1439.68
1630002078071,1503.74,1439.68
1630002078088,1354.47,1439.68
1630002078104,1730.69,1469.57
1630002078121,1209.30,1469.57
1630002078138,1501.40,1468.41
1630002078154,1397.93,1468.41
1630002078171,1519.50,1468.41
1630002078187,1636.03,1502.57
1630002078204,1508.92,1502.57
1630002078221,1315.32,1502.57
1630002078238,1439.44,1470.42
1630002078254,1502.69,1502.05
1630002078271,1627.02,1502.05
1630002078287,1357.05,1502.05
1630002078304,1510.45,1505.81
1630002078321,1321.60,1505.81
1630002078338,1560.79,1505.81
1630002078354,1478.73,1490.71
1630002078371,1578.83,1490.71
1630002078388,1317.53,1490.71
1630002078404,1564.18,1506.57
1630002078421,1481.07,1495.76
1630002078438,1560.98,1495.76
1630002078454,1410.66,1495.76
1630002078471,1538.92,1510.00
1630002078487,1483.60,1511.26
1630002078504,1665.27,1511.26
1630002078521,1324.64,1511.26
1630002078537,1596.30,1511.26
1630002078554,1415.33,1511.26
1630002078571,1554.09,1511.26
1630002078587,1502.98,1520.95
1630002078604,1497.49,1500.23
1630002078621,1361.57,1500.23
1630002078638,1603.20,1500.23
1630002078654,1555.61,1528.54
1630002078671,1451.17,1500.23
1630002078688,1322.81,1500.23
1630002078704,1585.01,1500.23
1630002078721,1441.69,1500.23
1630002078738,1461.75,1479.62
1630002078754,1491.62,1476.68
1630002078771,1478.75,1470.25
1630002078788,1277.49,1470.25
1630002078804,1600.63,1470.25
1630002078821,1402.52,1456.46
1630002078838,1480.91,1470.25
1630002078854,1397.33,1470.25
1630002078871,1544.61,1470.25
1630002078888,1547.73,1479.83
1630002078904,1546.72,1486.26
1630002078921,1371.51,1479.83
1630002078938,1254.07,1441.72
1630002078954,1411.73,1446.32
1630002078971,1641.96,1446.32
1630002078988,1469.78,1475.35
1630002079004,1319.83,1440.76
1630002079021,1412.66,1441.22
1630002079038,1333.83,1412.20
1630002079054,1631.03,1412.20
1630002079071,1462.55,1412.20
1630002079088,1379.58,1412.20
1630002079104,1473.87,1437.61
1630002079121,1455.10,1458.83
1630002079138,1498.25,1458.83
1630002079154,1554.11,1458.83
1630002079171,1265.60,1458.83
1630002079188,1470.58,1466.56
1630002079204,1510.31,1472.22
1630002079221,1510.73,1472.22
1630002079238,1484.49,1479.18
1630002079254,1494.38,1489.44
1630002079271,1361.34,1489.44
1630002079288,1412.87,1489.44
1630002079304,1608.84,1489.44
1630002079321,1418.33,1477.53
1630002079338,1352.51,1477.53
1630002079354,1672.13,1489.44
1630002079371,1443.92,1464.20
1630002079388,1521.04,1464.20
1630002079404,1358.96,1431.13
1630002079421,1474.90,1431.13
1630002079438,1564.38,1459.41
1630002079454,1451.04,1462.97
1630002079471,1456.76,1453.90
1630002079488,1526.75,1465.83
1630002079504,1573.76,1497.97
1630002079521,1585.18,1497.97
1630002079554,881.67,1497.97
1630002079571,1288.95,1465.83
1630002079588,1573.99,1500.83
1630002079604,1659.20,1545.57
1630002079621,1396.30,1491.76
1630002079638,1346.61,1491.76
1630002079654,1561.47,1544.11
1630002079671,1331.78,1478.88
1630002079688,1610.16,1478.88
1630002079704,1479.47,1437.88
1630002079721,1405.52,1442.50
1630002079737,1429.19,1454.33
1630002079754,1557.83,1454.33
1630002079771,1493.50,1454.33
1630002079788,1520.35,1486.48
1630002079804,1499.63,1496.57
1630002079821,1467.87,1486.48
1630002079838,1455.24,1486.48
1630002079854,1678.62,1486.48
1630002079871,1386.51,1480.69
1630002079888,1295.62,1480.69
1630002079904,1649.73,1496.57
1630002079921,1569.88,1496.57
1630002079938,1477.66,1488.64
1630002079954,1501.34,1488.64
1630002079971,1317.23,1472.76
1630002079988,1654.05,1489.50
1630002080004,1376.50,1489.50
1630002080021,1592.97,1489.50
1630002080038,1359.29,1489.50
1630002080054,1547.38,1524.36
1630002080071,1565.03,1524.36
1630002080088,1403.90,1489.50
1630002080104,1558.00,1524.36
1630002080121,1405.41,1476.40
1630002080138,1442.40,1494.89
1630002080154,1693.72,1494.89
1630002080171,1323.17,1494.89
1630002080188,1486.75,1464.57
1630002080204,1485.82,1486.28
1630002080221,1602.39,1486.28
1630002080238,1425.02,1464.11
1630002080254,1598.25,1486.28
1630002080271,1349.69,1464.11
1630002080288,1473.97,1479.89
1630002080304,1675.95,1486.28
1630002080321,1504.84,1486.28
1630002080338,1341.78,1486.28
1630002080355,1528.14,1495.33
1630002080371,1470.84,1489.41
1630002080388,1660.28,1489.41
1630002080404,1453.05,1489.41
1630002080421,1453.75,1472.41
1630002080438,1324.99,1472.41
1630002080454,1694.36,1487.84
1630002080471,1577.13,1487.84
1630002080488,1514.75,1492.80
1630002080505,1260.41,1492.80
1630002080521,1655.32,1492.80
1630002080538,1509.13,1511.94
1630002080555,1483.53,1496.33
1630002080571,1574.95,1511.94
1630002080588,1358.01,1511.94
1630002080605,1479.80,1511.94
1630002080621,1684.21,1511.94
1630002080638,1227.08,1496.33
1630002080654,1637.56,1496.33
1630002080671,1339.82,1496.33
1630002080688,1471.85,1481.66
1630002080704,1620.98,1481.66
1630002080721,1378.32,1475.82
1630002080738,1443.49,1457.67
1630002080754,1504.52,1475.82
1630002080771,1543.43,1488.18
1630002080788,1480.93,1476.39
1630002080805,1501.92,1491.43
1630002080821,1522.44,1491.43
1630002080838,1396.36,1491.43
1630002080854,1705.10,1503.22
1630002080871,1407.20,1491.43
1630002080888,1406.01,1491.43
1630002080904,1419.29,1491.43
1630002080921,1478.76,1479.84
1630002080938,1561.12,1479.84
1630002080955,1425.61,1452.19
1630002080971,1561.16,1452.19
1630002080988,1393.65,1422.45
1630002081005,1588.20,1452.19
1630002081021,1608.11,1452.19
1630002081038,1418.63,1452.19
1630002081054,1473.41,1476.08
1630002081071,1376.47,1476.08
1630002081088,1595.57,1517.26
1630002081104,1504.11,1488.76
1630002081121,1450.42,1488.76
1630002081138,1310.83,1461.91
1630002081154,1501.69,1487.55
1630002081171,1397.70,1461.91
1630002081188,1467.35,1458.88
1630002081204,1436.60,1458.88
1630002081221,1421.86,1443.51
1630002081238,1642.94,1458.88
1630002081254,1533.07,1458.88
1630002081271,1456.17,1453.30
1630002081288,1373.50,1446.39
1630002081304,1592.02,1461.76
1630002081321,1524.22,1461.76
1630002081338,1428.13,1461.76
1630002081354,1509.31,1482.74
1630002081371,1394.42,1482.74
1630002081388,1411.62,1482.74
1630002081404,1675.76,1482.74
1630002081421,1491.53,1473.85
1630002081438,1555.46,1500.42
1630002081454,1386.31,1500.42
1630002081471,1666.03,1500.42
1630002081488,1445.55,1468.54
1630002081504,1462.30,1476.91
1630002081521,1460.36,1461.33
1630002081538,1460.36,1461.33
1630002081554,1603.49,1476.91
1630002081571,1605.04,1476.91
1630002081588,1332.25,1461.33
1630002081604,1568.27,1461.33
1630002081621,1270.40,1461.33
1630002081638,1614.28,1461.33
1630002081655,1444.19,1461.33
1630002081671,1521.71,1491.03
1630002081688,1343.48,1491.03
1630002081704,1586.71,1544.99
1630002081721,1423.64,1482.95
1630002081738,1576.52,1482.95
1630002081754,1500.87,1511.29
1630002081771,1432.06,1472.53
1630002081788,1338.47,1472.53
1630002081805,1675.07,1472.53
1630002081821,1477.18,1489.03
1630002081838,1528.38,1489.03
1630002081854,1382.53,1489.03
1630002081871,1571.52,1489.03
1630002081888,1481.60,1491.24
1630002081904,1605.87,1491.24
1630002081921,1377.56,1479.39
1630002081938,1569.78,1504.99
1630002081954,1569.75,1549.07
1630002081971,1585.63,1549.07
1630002081988,1351.90,1549.07
1630002082004,1580.06,1569.77
1630002082021,1437.65,1569.77
1630002082038,1487.92,1528.83
1630002082054,1427.47,1528.83
1630002082071,1482.41,1485.16
1630002082088,1380.77,1485.16
1630002082104,1725.70,1485.16
1630002082121,1365.61,1460.03
1630002082138,1563.09,1460.03
1630002082154,1391.59,1460.03
1630002082171,1511.56,1460.03
1630002082188,1519.72,1485.16
1630002082205,1482.27,1482.34
1630002082225,1212.97,1482.34
1630002082238,1985.45,1496.92
1630002082256,1289.23,1496.92
1630002082288,824.28,1436.93
1630002082304,1692.16,1496.92
1630002082321,1291.52,1436.93
1630002082339,1486.34,1484.30
1630002082355,1451.37,1466.82
1630002082371,1609.66,1466.82
1630002082388,1410.98,1431.18
1630002082404,1687.44,1468.85
1630002082421,1331.92,1431.18
1630002082438,1575.01,1468.85
1630002082454,1307.85,1468.85
1630002082471,1562.54,1468.85
1630002082488,1325.40,1468.85
1630002082505,1677.21,1506.95
1630002082521,1522.62,1542.58
1630002082538,1397.69,1466.80
1630002082554,1356.63,1460.16
1630002082571,1605.70,1460.16
1630002082588,1283.34,1460.16
1630002082605,1609.49,1460.16
1630002082621,1281.79,1460.16
1630002082638,1709.35,1460.16
1630002082655,1425.24,1473.93
1630002082671,1563.72,1473.93
1630002082688,1490.45,1457.84
1630002082705,1493.81,1492.13
1630002082721,1518.63,1506.22
1630002082738,1625.21,1506.22
1630002082755,1296.67,1506.22
1630002082771,1666.08,1506.22
1630002082788,1302.20,1506.22
1630002082804,1830.51,1506.22
1630002082821,1416.99,1506.22
1630002082838,1470.98,1492.13
1630002082855,1368.02,1482.39
1630002082871,1590.08,1494.80
1630002082888,1513.84,1492.41
1630002082905,1648.52,1492.41
1630002082921,1393.03,1492.41
1630002082938,1469.76,1470.37
1630002082954,1460.01,1470.37
1630002082971,1576.35,1470.37
1630002082988,1444.32,1470.37
1630002083005,1476.92,1473.34
1630002083021,1397.93,1473.34
1630002083038,1552.25,1473.34
1630002083055,1476.87,1473.31
1630002083071,1676.68,1473.31
1630002083088,1275.09,1473.31
1630002083105,1528.65,1476.90
1630002083121,1500.66,1488.79
1630002083138,1628.30,1488.79
1630002083155,1355.95,1488.79
1630002083171,1583.57,1514.66
1630002083188,1445.44,1514.66
1630002083205,1621.16,1514.66
1630002083221,1433.23,1514.66
1630002083238,1504.97,1502.82
1630002083255,1292.84,1502.82
1630002083271,1723.39,1502.82
1630002083288,1405.01,1475.20
1630002083305,1569.53,1475.20
1630002083321,1450.37,1477.67
1630002083338,1518.45,1477.67
1630002083355,1462.58,1483.78
1630002083371,1592.26,1483.78
1630002083388,1397.21,1483.78
1630002083404,1574.01,1490.51
1630002083421,1416.71,1490.51
1630002083438,1638.43,1490.51
1630002083454,1380.18,1490.51
1630002083471,1617.04,1490.51
1630002083488,1385.20,1490.51
1630002083504,1538.84,1500.71
1630002083521,1481.05,1509.95
1630002083538,1445.28,1463.16
1630002083554,1597.38,1509.95
1630002083571,1502.63,1491.84
1630002083588,1473.31,1491.84
1630002083605,1497.75,1489.40
1630002083621,1401.45,1489.40
1630002083638,1558.80,1489.40
1630002083654,1509.68,1500.19
1630002083671,1550.40,1500.19
1630002083688,1470.16,1500.19
1630002083704,1559.93,1506.15
1630002083721,1399.61,1500.19
1630002083738,1487.41,1492.58
1630002083755,1522.18,1503.72
1630002083771,1593.52,1515.93
1630002083788,1370.21,1515.93
1630002083805,1464.53,1498.55
1630002083821,1542.07,1504.80
1630002083838,1526.40,1504.80
1630002083855,1401.94,1504.80
1630002083871,1522.38,1504.80
1630002083888,1521.18,1521.68
1630002083905,1428.39,1521.68
1630002083921,1521.89,1521.54
1630002083938,1445.68,1492.86
1630002083955,1381.06,1492.86
1630002083971,1521.71,1521.44
1630002083988,1454.07,1487.63
1630002084005,1488.11,1471.09
1630002084021,1460.88,1474.49
1630002084038,1380.27,1457.48
1630002084055,1608.45,1457.48
1630002084071,1504.33,1474.49
1630002084088,1432.37,1457.48
1630002084105,1403.66,1457.48
1630002084121,1515.13,1474.49
1630002084138,1485.11,1473.00
1630002084154,1540.84,1486.61
1630002084171,1439.73,1473.00
1630002084188,1459.62,1472.36
1630002084205,1460.77,1472.94
1630002084221,1627.55,1472.94
1630002084238,1353.91,1460.19
1630002084255,1499.26,1472.94
1630002084271,1496.82,1490.97
1630002084288,1504.33,1490.97
1630002084304,1583.82,1498.04
1630002084321,1475.70,1486.26
1630002084338,1419.87,1486.26
1630002084354,1661.60,1498.04
1630002084371,1504.06,1501.66
1630002084388,1617.77,1501.66
1630002084405,1336.07,1501.66
1630002084421,1627.06,1504.19
1630002084438,1543.14,1523.73
1630002084455,1414.21,1523.60
1630002084471,1574.13,1523.60
1630002084488,1480.58,1523.60
1630002084505,1464.19,1523.60
1630002084521,1523.55,1513.80
1630002084538,1394.96,1502.06
1630002084554,1647.37,1502.06
1630002084571,1370.99,1502.06
1630002084588,1546.59,1502.06
1630002084605,1408.03,1472.39
1630002084621,1568.12,1502.06
1630002084638,1421.92,1472.39
1630002084671,758.88,1443.06
1630002084688,1483.86,1452.89
1630002084704,1467.53,1444.72
1630002084721,1582.04,1475.69
1630002084738,1314.69,1444.72
1630002084755,1531.12,1475.69
1630002084771,1480.27,1473.90
1630002084788,1478.19,1479.23
1630002084805,1393.03,1472.86
1630002084821,1562.59,1479.23
1630002084838,1455.78,1479.23
1630002084855,1552.56,1479.23
1630002084871,1410.33,1479.23
1630002084888,1434.26,1466.99
1630002084905,1384.36,1466.99
1630002084921,1730.23,1466.99
1630002084938,1366.33,1445.02
1630002084955,1508.49,1445.02
1630002084971,1457.47,1456.62
1630002084988,1569.78,1456.62
1630002085005,1336.39,1445.86
1630002085021,1604.19,1445.86
1630002085038,1374.58,1445.86
1630002085055,1424.11,1440.79
1630002085071,1493.96,1475.71
1630002085088,1569.37,1475.71
1630002085105,1316.52,1475.71
1630002085121,1622.42,1475.71
1630002085138,1344.31,1459.03
1630002085155,1580.92,1459.03
1630002085171,1423.31,1459.03
1630002085188,1504.36,1459.03
1630002085205,1314.18,1459.03
1630002085221,1511.69,1499.16
1630002085238,1411.04,1463.84
1630002085255,1523.93,1463.84
1630002085271,1485.16,1494.76
1630002085288,1453.28,1469.22
1630002085305,1525.14,1494.76
1630002085321,1628.45,1494.76
1630002085338,1344.03,1494.76
1630002085355,1528.57,1498.42
1630002085371,1498.64,1505.16
1630002085388,1643.07,1511.28
1630002085405,1392.68,1511.28
1630002085421,1535.12,1511.89
1630002085438,1442.76,1511.89
1630002085455,1483.07,1511.89
1630002085471,1553.89,1513.61
1630002085488,1418.15,1490.85
1630002085505,1462.04,1490.85
1630002085521,1595.94,1490.85
1630002085538,1432.68,1472.56
1630002085555,1561.67,1472.56
1630002085571,1485.25,1484.16
1630002085588,1521.27,1484.16
1630002085605,1418.06,1484.16
1630002085621,1579.17,1503.26
1630002085638,1429.01,1473.65
1630002085655,1513.79,1499.52
1630002085671,1487.73,1500.76
1630002085688,1520.48,1500.76
1630002085705,1458.43,1500.76
1630002085721,1617.10,1500.76
1630002085738,1436.05,1500.76
1630002085755,1394.86,1473.08
1630002085771,1484.20,1485.96
1630002085788,1535.37,1485.96
1630002085805,1475.94,1485.96
1630002085821,1495.23,1485.96
1630002085838,1400.34,1480.07
1630002085855,1547.64,1480.07
1630002085871,1541.96,1489.72
1630002085888,1417.50,1480.07
1630002085904,1580.38,1489.72
1630002085921,1489.45,1492.34
1630002085938,1460.49,1492.34
1630002085955,1481.80,1485.62
1630002085971,1505.05,1492.34
1630002085988,1430.15,1485.62
1630002086005,1430.75,1485.62
1630002086021,1604.20,1485.62
1630002086038,1501.01,1485.62
1630002086055,1432.62,1485.62
1630002086071,1557.23,1485.62
1630002086088,1491.20,1486.50
1630002086104,1679.72,1496.10
1630002086121,1376.69,1496.10
1630002086138,1426.75,1461.91
1630002086155,1490.49,1490.84
1630002086171,1580.45,1496.10
1630002086188,1517.85,1496.10
1630002086205,1473.29,1490.84
1630002086221,1522.31,1504.53
1630002086238,1378.48,1490.84
1630002086255,1526.29,1504.17
1630002086271,1645.89,1504.17
1630002086288,1356.51,1504.17
1630002086305,1487.36,1504.17
1630002086321,1590.74,1520.08
